<?xml version="1.0" encoding="UTF-8"?>
<mxGraphModel dx="961" dy="1587" grid="1" gridSize="10" guides="1" tooltips="1" connect="1" arrows="1" fold="1" page="1" pageScale="1" pageWidth="850" pageHeight="1100" math="0" shadow="0"><root><mxCell id="0"/><mxCell id="1" parent="0"/><mxCell id="53fcc9226e1a0523-1" value="&lt;font style=&quot;font-size: 14px&quot;&gt;event&lt;/font&gt;&lt;div&gt;&lt;font style=&quot;font-size: 14px&quot;&gt;prefixes&lt;/font&gt;&lt;/div&gt;" style="strokeWidth=2;html=1;shape=mxgraph.flowchart.multi-document;whiteSpace=wrap;fillColor=#e1d5e7;strokeColor=#9673a6;" vertex="1" parent="1"><mxGeometry x="401" y="100" width="88" height="60" as="geometry"/></mxCell><mxCell id="53fcc9226e1a0523-2" value="&lt;font style=&quot;font-size: 14px&quot;&gt;predictions&lt;/font&gt;" style="strokeWidth=2;html=1;shape=mxgraph.flowchart.multi-document;whiteSpace=wrap;fillColor=#e1d5e7;strokeColor=#9673a6;" vertex="1" parent="1"><mxGeometry x="681" y="100" width="88" height="60" as="geometry"/></mxCell><mxCell id="53fcc9226e1a0523-3" value="&lt;font style=&quot;font-size: 14px&quot;&gt;events with predictions&lt;/font&gt;" style="strokeWidth=2;html=1;shape=mxgraph.flowchart.multi-document;whiteSpace=wrap;fillColor=#e1d5e7;strokeColor=#9673a6;" vertex="1" parent="1"><mxGeometry x="935" y="100" width="88" height="60" as="geometry"/></mxCell><mxCell id="53fcc9226e1a0523-4" value="&lt;font style=&quot;font-size: 14px&quot;&gt;prefix collator&lt;/font&gt;" style="strokeWidth=2;html=1;shape=mxgraph.flowchart.process;whiteSpace=wrap;fillColor=#d5e8d4;strokeColor=#82b366;" vertex="1" parent="1"><mxGeometry x="278" y="100" width="100" height="60" as="geometry"/></mxCell><mxCell id="53fcc9226e1a0523-5" value="remaining time&lt;div&gt;predictor&lt;/div&gt;" style="strokeWidth=2;html=1;shape=mxgraph.flowchart.process;whiteSpace=wrap;fillColor=#d5e8d4;strokeColor=#82b366;" vertex="1" parent="1"><mxGeometry x="531" y="180" width="100" height="70" as="geometry"/></mxCell><mxCell id="53fcc9226e1a0523-6" value="&lt;font style=&quot;font-size: 14px&quot;&gt;case outcome&lt;/font&gt;&lt;br&gt;&lt;div&gt;&lt;font style=&quot;font-size: 14px&quot;&gt;predictor&lt;/font&gt;&lt;/div&gt;&lt;div&gt;&lt;br&gt;&lt;/div&gt;&lt;div&gt;reject probability&lt;/div&gt;" style="strokeWidth=2;html=1;shape=mxgraph.flowchart.process;whiteSpace=wrap;fillColor=#d5e8d4;strokeColor=#82b366;" vertex="1" parent="1"><mxGeometry x="531" y="95" width="100" height="70" as="geometry"/></mxCell><mxCell id="53fcc9226e1a0523-7" value="&lt;font style=&quot;font-size: 14px&quot;&gt;case outcome&lt;br&gt;&lt;/font&gt;&lt;div&gt;&lt;font style=&quot;font-size: 14px&quot;&gt;predictor&lt;/font&gt;&lt;/div&gt;&lt;div&gt;&lt;br&gt;&lt;/div&gt;&lt;div&gt;slow probability&lt;/div&gt;" style="strokeWidth=2;html=1;shape=mxgraph.flowchart.process;whiteSpace=wrap;fillColor=#d5e8d4;strokeColor=#82b366;" vertex="1" parent="1"><mxGeometry x="531" y="10" width="100" height="70" as="geometry"/></mxCell><mxCell id="53fcc9226e1a0523-8" value="Text" style="text;html=1;resizable=0;points=[];autosize=1;align=left;verticalAlign=top;spacingTop=-4;fontSize=18;fontColor=#FFFFFF;" vertex="1" parent="1"><mxGeometry x="93" y="190" width="50" height="20" as="geometry"/></mxCell><mxCell id="53fcc9226e1a0523-9" value="Text" style="text;html=1;resizable=0;points=[];autosize=1;align=left;verticalAlign=top;spacingTop=-4;fontSize=18;fontColor=#FFFFFF;" vertex="1" parent="1"><mxGeometry x="155" y="225" width="50" height="20" as="geometry"/></mxCell><mxCell id="53fcc9226e1a0523-10" style="edgeStyle=orthogonalEdgeStyle;rounded=1;html=1;exitX=0;exitY=0.5;exitPerimeter=0;entryX=0;entryY=0.5;entryPerimeter=0;startArrow=none;startFill=0;endArrow=none;endFill=0;jettySize=auto;orthogonalLoop=1;fontSize=12;fontColor=#FFFFFF;" edge="1" parent="1"><mxGeometry relative="1" as="geometry"><mxPoint x="151" y="205" as="sourcePoint"/><mxPoint x="151" y="205" as="targetPoint"/></mxGeometry></mxCell><mxCell id="53fcc9226e1a0523-11" value="Text" style="text;html=1;resizable=0;points=[];autosize=1;align=left;verticalAlign=top;spacingTop=-4;fontSize=18;fontColor=#FFFFFF;" vertex="1" parent="1"><mxGeometry x="85" y="226" width="50" height="20" as="geometry"/></mxCell><mxCell id="53fcc9226e1a0523-12" style="edgeStyle=orthogonalEdgeStyle;rounded=1;html=1;exitX=0;exitY=0.5;exitPerimeter=0;entryX=0;entryY=0.5;entryPerimeter=0;startArrow=none;startFill=0;endArrow=none;endFill=0;jettySize=auto;orthogonalLoop=1;fontSize=12;fontColor=#FFFFFF;" edge="1" parent="1"><mxGeometry relative="1" as="geometry"><mxPoint x="81" y="211" as="sourcePoint"/><mxPoint x="81" y="211" as="targetPoint"/></mxGeometry></mxCell><mxCell id="53fcc9226e1a0523-13" value="" style="rounded=0;whiteSpace=wrap;html=1;fontSize=12;fontColor=#000000;align=center;fillColor=#d5e8d4;strokeColor=#82b366;" vertex="1" parent="1"><mxGeometry x="61" y="195" width="30" height="10" as="geometry"/></mxCell><mxCell id="53fcc9226e1a0523-14" value="" style="shape=document;whiteSpace=wrap;html=1;fontSize=12;fontColor=#000000;align=center;fillColor=#e1d5e7;strokeColor=#9673a6;" vertex="1" parent="1"><mxGeometry x="61" y="215" width="30" height="10" as="geometry"/></mxCell><mxCell id="53fcc9226e1a0523-15" value="&lt;font style=&quot;font-size: 14px&quot;&gt;Kafka processor&lt;/font&gt;" style="text;html=1;strokeColor=none;fillColor=none;align=left;verticalAlign=middle;whiteSpace=wrap;dashed=1;fontSize=12;fontColor=#000000;" vertex="1" parent="1"><mxGeometry x="101" y="190" width="110" height="20" as="geometry"/></mxCell><mxCell id="53fcc9226e1a0523-16" value="&lt;font style=&quot;font-size: 14px&quot;&gt;Kafka topic&lt;/font&gt;" style="text;html=1;strokeColor=none;fillColor=none;align=left;verticalAlign=middle;whiteSpace=wrap;dashed=1;fontSize=12;fontColor=#000000;" vertex="1" parent="1"><mxGeometry x="101" y="210" width="120" height="20" as="geometry"/></mxCell><mxCell id="53fcc9226e1a0523-17" style="edgeStyle=orthogonalEdgeStyle;rounded=1;html=1;exitX=0.5;exitY=1;startArrow=none;startFill=0;endArrow=none;endFill=0;jettySize=auto;orthogonalLoop=1;fontSize=12;fontColor=#000000;" edge="1" parent="1"><mxGeometry relative="1" as="geometry"><mxPoint x="166" y="190" as="sourcePoint"/><mxPoint x="166" y="190" as="targetPoint"/></mxGeometry></mxCell><mxCell id="53fcc9226e1a0523-18" style="edgeStyle=orthogonalEdgeStyle;rounded=1;html=1;exitX=0.5;exitY=1;startArrow=none;startFill=0;endArrow=none;endFill=0;jettySize=auto;orthogonalLoop=1;fontSize=12;fontColor=#000000;" edge="1" parent="1"><mxGeometry relative="1" as="geometry"><mxPoint x="66" y="200" as="sourcePoint"/><mxPoint x="66" y="200" as="targetPoint"/></mxGeometry></mxCell><mxCell id="53fcc9226e1a0523-19" value="" style="endArrow=classic;html=1;fontSize=12;fontColor=#000000;" edge="1" parent="1"><mxGeometry width="50" height="50" relative="1" as="geometry"><mxPoint x="61" y="240" as="sourcePoint"/><mxPoint x="91" y="240" as="targetPoint"/><Array as="points"><mxPoint x="81" y="240"/></Array></mxGeometry></mxCell><mxCell id="53fcc9226e1a0523-20" value="&lt;font style=&quot;font-size: 14px&quot;&gt;Stream of JSON objects&lt;/font&gt;" style="text;html=1;strokeColor=none;fillColor=none;align=left;verticalAlign=middle;whiteSpace=wrap;dashed=1;fontSize=12;fontColor=#000000;" vertex="1" parent="1"><mxGeometry x="101" y="230" width="162" height="20" as="geometry"/></mxCell><mxCell id="53fcc9226e1a0523-21" value="" style="endArrow=classic;html=1;fontSize=12;fontColor=#000000;exitX=1;exitY=0.5;exitPerimeter=0;entryX=0;entryY=0.283;entryPerimeter=0;edgeStyle=orthogonalEdgeStyle;" edge="1" parent="1" source="53fcc9226e1a0523-7" target="53fcc9226e1a0523-2"><mxGeometry width="50" height="50" relative="1" as="geometry"><mxPoint x="701" y="160" as="sourcePoint"/><mxPoint x="751" y="110" as="targetPoint"/></mxGeometry></mxCell><mxCell id="53fcc9226e1a0523-22" value="" style="endArrow=classic;html=1;fontSize=12;fontColor=#000000;entryX=0;entryY=0.5;entryPerimeter=0;exitX=1;exitY=0.5;exitPerimeter=0;" edge="1" parent="1" source="53fcc9226e1a0523-1" target="53fcc9226e1a0523-6"><mxGeometry width="50" height="50" relative="1" as="geometry"><mxPoint x="491" y="130" as="sourcePoint"/><mxPoint x="491" y="210" as="targetPoint"/></mxGeometry></mxCell><mxCell id="53fcc9226e1a0523-23" value="" style="endArrow=classic;html=1;fontSize=12;fontColor=#000000;exitX=1;exitY=0.5;exitPerimeter=0;entryX=0;entryY=0.5;entryPerimeter=0;" edge="1" parent="1" source="53fcc9226e1a0523-4" target="53fcc9226e1a0523-1"><mxGeometry width="50" height="50" relative="1" as="geometry"><mxPoint x="381" y="260" as="sourcePoint"/><mxPoint x="431" y="210" as="targetPoint"/></mxGeometry></mxCell><mxCell id="53fcc9226e1a0523-24" value="" style="endArrow=classic;html=1;fontSize=12;fontColor=#000000;exitX=1;exitY=0.5;exitPerimeter=0;" edge="1" parent="1" source="53fcc9226e1a0523-3"><mxGeometry width="50" height="50" relative="1" as="geometry"><mxPoint x="881" y="180" as="sourcePoint"/><mxPoint x="1060" y="131" as="targetPoint"/></mxGeometry></mxCell><mxCell id="53fcc9226e1a0523-25" value="" style="endArrow=classic;html=1;fontSize=12;fontColor=#000000;entryX=0;entryY=0.5;entryPerimeter=0;edgeStyle=orthogonalEdgeStyle;" edge="1" parent="1" target="53fcc9226e1a0523-5"><mxGeometry width="50" height="50" relative="1" as="geometry"><mxPoint x="489" y="140" as="sourcePoint"/><mxPoint x="511" y="190" as="targetPoint"/><Array as="points"><mxPoint x="489" y="140"/><mxPoint x="510" y="140"/><mxPoint x="510" y="215"/></Array></mxGeometry></mxCell><mxCell id="53fcc9226e1a0523-26" value="" style="endArrow=classic;html=1;fontSize=12;fontColor=#000000;entryX=0;entryY=0.5;entryPerimeter=0;edgeStyle=orthogonalEdgeStyle;" edge="1" parent="1" target="53fcc9226e1a0523-7"><mxGeometry width="50" height="50" relative="1" as="geometry"><mxPoint x="491" y="120" as="sourcePoint"/><mxPoint x="551" y="50" as="targetPoint"/></mxGeometry></mxCell><mxCell id="53fcc9226e1a0523-27" value="" style="endArrow=classic;html=1;fontSize=12;fontColor=#000000;exitX=1;exitY=0.5;exitPerimeter=0;entryX=0;entryY=0.5;entryPerimeter=0;" edge="1" parent="1" source="53fcc9226e1a0523-6" target="53fcc9226e1a0523-2"><mxGeometry width="50" height="50" relative="1" as="geometry"><mxPoint x="681" y="260" as="sourcePoint"/><mxPoint x="731" y="210" as="targetPoint"/></mxGeometry></mxCell><mxCell id="53fcc9226e1a0523-28" value="" style="endArrow=classic;html=1;fontSize=12;fontColor=#000000;entryX=-0.011;entryY=0.7;entryPerimeter=0;edgeStyle=orthogonalEdgeStyle;" edge="1" parent="1" source="53fcc9226e1a0523-5" target="53fcc9226e1a0523-2"><mxGeometry width="50" height="50" relative="1" as="geometry"><mxPoint x="631" y="265" as="sourcePoint"/><mxPoint x="701.7106781186548" y="215" as="targetPoint"/></mxGeometry></mxCell><mxCell id="53fcc9226e1a0523-29" value="&lt;font style=&quot;font-size: 14px&quot;&gt;join events&lt;/font&gt;&lt;div&gt;&lt;font style=&quot;font-size: 14px&quot;&gt;to predictions&lt;/font&gt;&lt;/div&gt;" style="strokeWidth=2;html=1;shape=mxgraph.flowchart.process;whiteSpace=wrap;fillColor=#d5e8d4;strokeColor=#82b366;" vertex="1" parent="1"><mxGeometry x="807" y="100" width="100" height="60" as="geometry"/></mxCell><mxCell id="53fcc9226e1a0523-30" value="" style="endArrow=classic;html=1;fontSize=12;fontColor=#000000;exitX=1;exitY=0.5;exitPerimeter=0;entryX=0;entryY=0.5;entryPerimeter=0;" edge="1" parent="1" source="53fcc9226e1a0523-2" target="53fcc9226e1a0523-29"><mxGeometry width="50" height="50" relative="1" as="geometry"><mxPoint x="771" y="220" as="sourcePoint"/><mxPoint x="821" y="170" as="targetPoint"/></mxGeometry></mxCell><mxCell id="53fcc9226e1a0523-31" value="" style="endArrow=classic;html=1;fontSize=12;fontColor=#000000;exitX=1.034;exitY=0.133;exitPerimeter=0;entryX=0.01;entryY=0.25;entryPerimeter=0;" edge="1" parent="1" source="53fcc9226e1a0523-1" target="53fcc9226e1a0523-29"><mxGeometry width="50" height="50" relative="1" as="geometry"><mxPoint x="661" y="20" as="sourcePoint"/><mxPoint x="791" y="108" as="targetPoint"/><Array as="points"><mxPoint x="501" y="108"/><mxPoint x="501"/><mxPoint x="791"/><mxPoint x="791" y="115"/></Array></mxGeometry></mxCell><mxCell id="53fcc9226e1a0523-32" value="" style="endArrow=classic;html=1;fontSize=12;fontColor=#000000;exitX=1;exitY=0.5;exitPerimeter=0;entryX=0;entryY=0.5;entryPerimeter=0;edgeStyle=orthogonalEdgeStyle;" edge="1" parent="1" source="53fcc9226e1a0523-29" target="53fcc9226e1a0523-3"><mxGeometry width="50" height="50" relative="1" as="geometry"><mxPoint x="921" y="150" as="sourcePoint"/><mxPoint x="971" y="100" as="targetPoint"/></mxGeometry></mxCell><mxCell id="53fcc9226e1a0523-33" value="&lt;font style=&quot;font-size: 14px&quot;&gt;process&lt;/font&gt;&lt;div&gt;&lt;font style=&quot;font-size: 14px&quot;&gt;events&lt;/font&gt;&lt;/div&gt;" style="strokeWidth=2;html=1;shape=mxgraph.flowchart.multi-document;whiteSpace=wrap;fillColor=#e1d5e7;strokeColor=#9673a6;" vertex="1" parent="1"><mxGeometry x="167" y="100" width="88" height="60" as="geometry"/></mxCell><mxCell id="53fcc9226e1a0523-34" value="" style="endArrow=classic;html=1;fontSize=12;fontColor=#000000;exitX=1;exitY=0.5;exitPerimeter=0;entryX=0;entryY=0.5;entryPerimeter=0;" edge="1" parent="1" source="53fcc9226e1a0523-33" target="53fcc9226e1a0523-4"><mxGeometry width="50" height="50" relative="1" as="geometry"><mxPoint x="296" y="255" as="sourcePoint"/><mxPoint x="346" y="205" as="targetPoint"/></mxGeometry></mxCell><mxCell id="53fcc9226e1a0523-35" value="" style="endArrow=classic;html=1;fontSize=12;fontColor=#000000;entryX=0;entryY=0.5;entryPerimeter=0;" edge="1" parent="1" source="53fcc9226e1a0523-37" target="53fcc9226e1a0523-33"><mxGeometry width="50" height="50" relative="1" as="geometry"><mxPoint x="146" y="130" as="sourcePoint"/><mxPoint x="156" y="105" as="targetPoint"/></mxGeometry></mxCell><mxCell id="53fcc9226e1a0523-36" value="&lt;font style=&quot;font-size: 14px&quot;&gt;Predictive&lt;/font&gt;&lt;div&gt;&lt;font style=&quot;font-size: 14px&quot;&gt;dashboard&lt;/font&gt;&lt;/div&gt;" style="ellipse;whiteSpace=wrap;html=1;aspect=fixed;fontSize=12;fontColor=#000000;align=center;fillColor=#dae8fc;strokeColor=#6c8ebf;" vertex="1" parent="1"><mxGeometry x="1060" y="85" width="89" height="89" as="geometry"/></mxCell><mxCell id="53fcc9226e1a0523-37" value="&lt;font style=&quot;font-size: 14px&quot;&gt;Information system&lt;/font&gt;" style="ellipse;whiteSpace=wrap;html=1;aspect=fixed;fontSize=12;fontColor=#000000;align=center;fillColor=#dae8fc;strokeColor=#6c8ebf;" vertex="1" parent="1"><mxGeometry x="53" y="86" width="89" height="89" as="geometry"/></mxCell></root></mxGraphModel>